Dte.,Codi_Barri,Barris,"Poblaci� 16-64 anys",Gener,Febrer,Mar�,Abril,Maig,Juny,Juliol,Agost,Setembre,Octubre,Novembre,Desembre
1,1,el Raval,36.241,"13,3","13,5","13,6","13,6","13,1","12,5","12,4","12,0","12,2","12,4","12,8","12,5"
1,2,el Barri G�tic,12.362,"11,0","10,8","10,7","10,6","10,3","9,7","9,7","9,7","9,8","9,9","10,1","9,9"
1,3,la Barceloneta,10.792,"14,0","13,9","13,8","13,3","12,9","12,5","12,5","12,3","12,5","12,8","13,1","12,7"
1,4,"Sant Pere, Santa Caterina i la Ribera",16.828,"12,4","12,4","12,3","11,9","11,5","11,1","11,1","11,0","11,1","11,4","11,6","11,3"
2,5,el Fort Pienc,21.164,"9,6","9,6","9,6","9,4","9,1","8,8","8,9","9,0","8,8","8,9","8,9","8,7"
2,6,la Sagrada Fam�lia,34.629,"9,5","9,5","9,5","9,2","9,0","8,6","8,8","8,9","8,7","8,9","8,9","8,7"
2,7,la Dreta de l'Eixample,28.543,"7,7","7,6","7,7","7,6","7,4","7,1","7,3","7,3","7,1","7,1","7,1","7,0"
2,8,l'Antiga Esquerra de l'Eixample,27.83,"9,2","9,2","9,2","9,2","8,9","8,5","8,5","8,5","8,5","8,5","8,6","8,3"
2,9,la Nova Esquerra de l'Eixample,38.445,"9,2","9,1","9,0","8,9","8,7","8,4","8,6","8,6","8,5","8,7","8,8","8,6"
2,10,Sant Antoni,25.279,"10,3","10,2","10,1","10,0","9,8","9,6","9,6","9,6","9,5","9,7","9,9","9,6"
3,11,el Poble Sec - AEI Parc Montju�c,28.691,"12,6","12,6","12,6","12,4","12,1","11,6","11,6","11,6","11,7","11,8","12,1","11,9"
3,12,la Marina del Prat Vermell - AEI Zona Franca,700,"21,0","21,6","21,1","20,4","19,6","19,4","19,6","19,1","18,6","19,7","20,7","21,1"
3,13,la Marina de Port,19.673,"12,4","12,5","12,7","12,4","12,3","11,8","12,0","11,9","12,0","12,3","12,1","12,0"
3,14,la Font de la Guatlla,6.91,"13,1","13,1","13,1","12,9","12,6","12,1","12,1","12,1","12,2","12,3","12,6","12,4"
3,15,Hostafrancs,11.147,"9,8","9,7","9,9","9,7","9,5","9,2","9,3","9,4","9,4","9,5","9,5","9,3"
3,16,la Bordeta,12.422,"10,3","10,3","10,4","10,2","10,0","9,7","9,8","9,9","9,9","10,0","10,0","9,7"
3,17,Sants - Badal,16.518,"8,6","8,7","8,7","8,6","8,6","8,4","8,4","8,5","8,4","8,5","8,5","8,3"
3,18,Sants,27.458,"9,7","9,7","9,7","9,6","9,4","9,2","9,3","9,3","9,3","9,4","9,5","9,2"
4,19,les Corts,29.6,"9,3","9,2","9,2","9,1","8,9","8,6","8,8","8,8","8,8","8,9","9,0","8,8"
4,20,la Maternitat i Sant Ramon,15.041,"9,4","9,4","9,4","9,3","9,3","9,1","9,1","9,2","9,2","9,2","9,2","9,0"
4,21,Pedralbes,7.105,"4,8","5,0","4,9","4,9","4,8","4,7","4,8","4,7","4,6","4,6","4,6","4,5"
5,22,"Vallvidrera, el Tibidabo i les Planes",2.86,"4,8","4,8","4,7","4,6","4,4","4,4","4,5","4,4","4,4","4,4","4,6","4,5"
5,23,Sarri�,14.8,"4,9","5,1","4,9","5,0","4,8","4,7","4,9","4,7","4,6","4,6","4,7","4,6"
5,24,les Tres Torres,9.747,"5,4","5,5","5,3","5,3","5,0","5,0","5,1","5,1","5,0","5,1","5,2","5,1"
5,25,Sant Gervasi - la Bonanova,14.962,"5,9","6,0","5,8","5,8","5,7","5,5","5,6","5,7","5,7","5,8","5,8","5,7"
5,26,Sant Gervasi - Galvany,28.467,"6,3","6,4","6,4","6,3","6,1","5,9","5,9","6,0","6,0","5,9","5,9","5,8"
5,27,el Putxet i el Farr�,19.03,"8,2","8,3","8,3","8,1","7,9","7,6","7,7","7,9","7,9","7,8","7,7","7,6"
6,28,Vallcarca i els Penitents,9.777,"10,1","10,1","10,2","10,0","9,7","9,4","9,6","9,7","9,7","9,6","9,6","9,4"
6,29,el Coll,4.776,"8,8","8,7","8,8","8,6","8,3","8,0","8,2","8,3","8,4","8,3","8,2","8,1"
6,30,la Salut,8.4,"9,9","10,0","10,1","10,0","9,7","9,4","9,4","9,5","9,4","9,4","9,4","9,2"
6,31,la Vila de Gr�cia,34.71,"9,7","9,6","9,6","9,5","9,1","9,0","9,1","9,3","9,3","9,3","9,2","9,0"
6,32,el Camp d'en Grassot i Gr�cia Nova,22.468,"9,5","9,5","9,5","9,3","9,1","8,8","8,8","9,0","8,8","8,9","8,9","8,7"
7,33,el Baix Guinard�,16.346,"10,0","10,0","10,1","9,8","9,6","9,2","9,3","9,4","9,3","9,5","9,4","9,3"
7,34,Can Bar�,5.775,"10,3","10,5","10,5","10,4","10,1","9,8","9,8","9,9","9,8","9,8","9,8","9,6"
7,35,el Guinard�,23.015,"11,0","11,0","11,0","10,9","10,7","10,3","10,4","10,5","10,4","10,7","10,6","10,5"
7,36,la Font d'en Fargues,5.93,"13,3","13,3","13,5","13,5","13,2","12,7","12,8","12,9","12,7","12,9","13,0","12,7"
7,37,el Carmel,20.614,"13,0","13,1","13,2","13,2","12,9","12,4","12,5","12,6","12,4","12,7","12,7","12,5"
7,38,la Teixonera,7.421,"10,6","10,7","10,8","10,7","10,6","10,3","10,2","10,4","10,3","10,5","10,4","10,3"
7,39,Sant Gen�s dels Agudells,4.14,"11,3","11,5","11,6","11,5","11,4","11,1","11,0","11,1","11,1","11,3","11,2","11,0"
7,40,Montbau,2.751,"12,3","12,5","12,6","12,5","12,5","12,1","12,0","12,1","12,1","12,3","12,2","12,0"
7,41,la Vall d'Hebron,3.391,"10,6","10,8","10,9","10,8","10,8","10,4","10,4","10,5","10,4","10,6","10,6","10,4"
7,42,la Clota,257,"9,7","10,1","10,1","10,1","9,7","9,7","9,7","9,7","9,7","9,7","9,7","9,7"
7,43,Horta,16.577,"13,0","13,1","13,3","13,4","13,1","12,7","12,7","12,8","12,8","12,9","13,0","12,6"
8,44,Vilapicina i la Torre Llobeta,16.139,"12,3","12,4","12,6","12,6","12,4","12,0","12,0","12,1","12,3","12,3","12,3","11,9"
8,45,Porta,15.04,"13,1","13,2","13,4","13,2","12,9","12,5","12,5","12,7","12,9","12,9","12,9","12,5"
8,46,el Tur� de la Peira,9.229,"13,2","13,3","13,5","13,7","13,5","13,0","13,0","13,1","13,3","13,3","13,4","12,9"
8,47,Can Peguera,1.385,"12,4","12,6","12,7","12,7","12,5","12,1","12,0","12,0","12,2","12,3","12,3","11,9"
8,48,la Guineueta,8.902,"16,0","16,3","16,3","16,1","15,7","15,2","15,0","14,9","15,1","15,2","15,3","14,9"
8,49,Canyelles,4.628,"15,0","15,3","15,3","15,1","14,7","14,2","14,0","14,0","14,1","14,3","14,3","14,0"
8,50,les Roquetes,10.51,"14,3","14,6","14,6","14,4","14,0","13,6","13,4","13,4","13,5","13,7","13,7","13,4"
8,51,Verdun,7.775,"14,8","15,1","15,1","14,9","14,5","14,1","13,9","13,9","14,0","14,1","14,2","13,9"
8,52,la Prosperitat,16.145,"13,7","13,8","14,0","13,8","13,5","13,1","13,1","13,3","13,5","13,5","13,5","13,1"
8,53,la Trinitat Nova,4.8,"20,0","20,2","19,9","20,0","19,5","19,0","18,7","18,5","18,9","19,5","19,8","19,2"
8,54,Torre Bar�,1.464,"18,0","18,2","17,9","18,0","17,6","17,1","16,9","16,7","17,1","17,6","17,9","17,3"
8,55,Ciutat Meridiana,6.914,"19,9","20,2","19,8","19,9","19,5","19,0","18,7","18,5","18,9","19,5","19,8","19,1"
8,56,Vallbona,843,"19,0","19,2","18,9","19,0","18,5","18,1","17,8","17,6","17,9","18,5","18,9","18,3"
9,57,la Trinitat Vella,7.135,"17,9","18,1","17,8","17,9","17,5","17,0","16,8","16,6","17,0","17,5","17,8","17,2"
9,58,Bar� de Viver,1.542,"12,2","12,4","12,5","12,5","12,1","11,6","11,7","11,9","11,8","11,9","11,8","11,5"
9,59,el Bon Pastor,8.176,"13,1","13,3","13,5","13,4","13,0","12,5","12,6","12,8","12,6","12,7","12,7","12,4"
9,60,Sant Andreu,37.227,"11,6","11,8","12,0","11,9","11,5","11,1","11,2","11,4","11,2","11,3","11,3","11,0"
9,61,la Sagrera,19.175,"10,7","10,8","10,8","10,7","10,6","10,3","10,4","10,4","10,3","10,5","10,4","10,1"
9,62,el Congr�s i els Indians,8.725,"11,5","11,5","11,6","11,5","11,3","11,0","11,1","11,1","11,0","11,2","11,1","10,8"
9,63,Navas,14.009,"11,0","11,0","11,1","11,0","10,8","10,5","10,6","10,6","10,5","10,7","10,6","10,3"
10,64,el Camp de l'Arpa del Clot,25.063,"11,5","11,5","11,5","11,4","11,2","11,1","11,0","11,2","11,1","11,2","11,1","10,7"
10,65,el Clot,18.444,"10,7","10,8","10,8","10,7","10,5","10,3","10,3","10,4","10,5","10,5","10,4","10,1"
10,66,el Parc i la Llacuna del Poblenou,9.948,"9,6","9,7","9,7","9,6","9,4","9,2","9,2","9,3","9,4","9,4","9,3","9,2"
10,67,la Vila Ol�mpica del Poblenou,6.534,"9,5","9,6","9,6","9,6","9,4","9,2","9,2","9,1","9,3","9,4","9,4","9,1"
10,68,el Poblenou,21.885,"9,8","9,8","9,9","9,9","9,7","9,5","9,4","9,4","9,6","9,7","9,6","9,4"
10,69,Diagonal Mar i el Front Mar�tim del Poblenou,8.502,"12,0","12,1","12,2","12,1","11,9","11,5","11,2","11,1","11,4","11,5","11,5","11,4"
10,70,el Bes�s i el Maresme,15.455,"15,1","15,3","15,3","15,2","15,0","14,4","14,2","14,0","14,4","14,5","14,5","14,3"
10,71,Proven�als del Poblenou,13.709,"11,3","11,5","11,4","11,3","11,2","10,9","10,8","10,8","11,0","11,1","11,0","10,7"
10,72,Sant Mart� de Proven�als,15.916,"13,5","13,7","13,5","13,4","13,3","12,9","12,9","13,0","13,1","13,3","13,2","12,7"
10,73,la Verneda i la Pau,17.993,"13,5","13,7","13,5","13,4","13,3","12,9","12,9","13,0","13,1","13,2","13,2","12,7"
